<?xml version="1.0" encoding="UTF-8"?>
<project xmlns="http://www.netbeans.org/ns/project/1">
    <type>org.netbeans.modules.ant.freeform</type>
    <configuration>
        <general-data xmlns="http://www.netbeans.org/ns/freeform-project/1">
            <name>wonderland-example-module</name>
        </general-data>
        <general-data xmlns="http://www.netbeans.org/ns/freeform-project/2">
            <!-- Do not use Project Properties customizer when editing this file manually. -->
            <name>wonderland-example-module</name>
            <properties/>
            <folders>
                <source-folder>
                    <label>wonderland-sample-module</label>
                    <location>.</location>
                    <encoding>UTF-8</encoding>
                </source-folder>
                <source-folder>
                    <label>src/classes</label>
                    <type>java</type>
                    <location>src/classes</location>
                    <encoding>UTF-8</encoding>
                </source-folder>
            </folders>
            <ide-actions>
                <action name="build">
                    <target>package</target>
                </action>
                <action name="clean">
                    <target>clean</target>
                </action>
                <action name="rebuild">
                    <target>clean</target>
                    <target>package</target>
                </action>
            </ide-actions>
            <view>
                <items>
                    <source-folder style="packages">
                        <label>src/classes</label>
                        <location>src/classes</location>
                    </source-folder>
                    <source-file>
                        <location>build.xml</location>
                    </source-file>
                </items>
                <context-menu>
                    <ide-action name="build"/>
                    <ide-action name="rebuild"/>
                    <ide-action name="clean"/>
                </context-menu>
            </view>
            <subprojects/>
        </general-data>
        <java-data xmlns="http://www.netbeans.org/ns/freeform-project-java/1">
            <compilation-unit>
                <package-root>src/classes</package-root>
                <classpath mode="compile">../../wonderland/trunk/lib/jaxb/jaxb-api.jar:../../wonderland/trunk/lib/jaxb/jsr173_1.0_api.jar:../../wonderland/trunk/core/ext/common/mtgame.jar:../../wonderland/trunk/core/ext/jme20/target/jme.jar:../../wonderland/trunk/core/build/lib/wonderland-client.jar:../../wonderland/trunk/core/build/lib/wonderland-common.jar:../../wonderland/trunk/core/build/lib/wonderland-server.jar:../../wonderland/trunk/core/ext/sgs/sgs-0.9.6-r4193/lib/sgs.jar:../../wonderland/trunk/core/ext/sgs/sgs-client-0.9.6-r4193/lib/sgs-client.jar</classpath>
                <source-level>1.5</source-level>
            </compilation-unit>
        </java-data>
    </configuration>
</project>
